Assembly Index,Assembly ID,Clip indexes,Assembly plate mapping
1,BASIC_SEVA_17_pKD46.10,"[1, 2, 3]",0-A1
2,BASIC_SEVA_16.10,"[1, 4, 5]",0-B1
3,BASIC_SEVA_17.10,"[1, 6, 3]",0-C1
4,BASIC_SEVA_19.10,"[1, 7, 5]",0-D1
5,BASIC_SEVA_27_pKD46.10,"[8, 2, 3]",0-E1
6,BASIC_SEVA_26.10,"[8, 4, 5]",0-F1
7,BASIC_SEVA_27.10,"[8, 6, 3]",0-G1
8,BASIC_SEVA_29.10,"[8, 7, 5]",0-H1
9,BASIC_SEVA_37_pKD46.10,"[9, 2, 3]",0-A2
10,BASIC_SEVA_36.10,"[9, 4, 5]",0-B2
11,BASIC_SEVA_37.10,"[9, 6, 3]",0-C2
12,BASIC_SEVA_39.10,"[9, 7, 5]",0-D2
13,BASIC_SEVA_47_pKD46.10,"[10, 2, 3]",0-E2
14,BASIC_SEVA_46.10,"[10, 4, 5]",0-F2
15,BASIC_SEVA_47.10,"[10, 6, 3]",0-G2
16,BASIC_SEVA_49.10,"[10, 7, 5]",0-H2
17,BASIC_SEVA_5a7_pKD46.10,"[11, 2, 3]",0-A3
18,BASIC_SEVA_5a6.10,"[11, 4, 5]",0-B3
19,BASIC_SEVA_5a7.10,"[11, 6, 3]",0-C3
20,BASIC_SEVA_5a9.10,"[11, 7, 5]",0-D3
21,BASIC_SEVA_67_pKD46.10,"[12, 2, 3]",0-E3
22,BASIC_SEVA_66.10,"[12, 4, 5]",0-F3
23,BASIC_SEVA_67.10,"[12, 6, 3]",0-G3
24,BASIC_SEVA_69.10,"[12, 7, 5]",0-H3
