Assembly Index,Assembly ID,Clip indexes,Assembly plate mapping
1,BASIC_SEVA_15a.10,"[1, 2, 3]",0-A1
2,BASIC_SEVA_16.10,"[1, 4, 3]",0-B1
3,BASIC_SEVA_17.10,"[1, 5, 6]",0-C1
4,BASIC_SEVA_19.10,"[1, 7, 3]",0-D1
5,BASIC_SEVA_17_pKD46.10,"[1, 8, 6]",0-E1
6,BASIC_SEVA_25a.10,"[9, 2, 3]",0-F1
7,BASIC_SEVA_26.10,"[9, 4, 3]",0-G1
8,BASIC_SEVA_27.10,"[9, 5, 6]",0-H1
9,BASIC_SEVA_29.10,"[9, 7, 3]",0-A2
10,BASIC_SEVA_27_pKD46.10,"[9, 8, 6]",0-B2
11,BASIC_SEVA_35a.10,"[10, 2, 3]",0-C2
12,BASIC_SEVA_36.10,"[10, 4, 3]",0-D2
13,BASIC_SEVA_37.10,"[10, 5, 6]",0-E2
14,BASIC_SEVA_39.10,"[10, 7, 3]",0-F2
15,BASIC_SEVA_37_pKD46.10,"[10, 8, 6]",0-G2
16,BASIC_SEVA_45a.10,"[11, 2, 3]",0-H2
17,BASIC_SEVA_46.10,"[11, 4, 3]",0-A3
18,BASIC_SEVA_47.10,"[11, 5, 6]",0-B3
19,BASIC_SEVA_49.10,"[11, 7, 3]",0-C3
20,BASIC_SEVA_47_pKD46.10,"[11, 8, 6]",0-D3
21,BASIC_SEVA_5a5a.10,"[12, 2, 3]",0-E3
22,BASIC_SEVA_5a6.10,"[12, 4, 3]",0-F3
23,BASIC_SEVA_5a7.10,"[12, 5, 6]",0-G3
24,BASIC_SEVA_5a9.10,"[12, 7, 3]",0-H3
25,BASIC_SEVA_5a7_pKD46.10,"[12, 8, 6]",0-A4
26,BASIC_SEVA_65a.10,"[13, 2, 3]",0-B4
27,BASIC_SEVA_66.10,"[13, 4, 3]",0-C4
28,BASIC_SEVA_67.10,"[13, 5, 6]",0-D4
29,BASIC_SEVA_69.10,"[13, 7, 3]",0-E4
30,BASIC_SEVA_67_pKD46.10,"[13, 8, 6]",0-F4
