Clip Index,Prefix ID,Part ID,Part Name,Part suggested stock concentration (ng/µL),Part stock per 30 µL clip (µL),Suffix ID,Total assemblies,Assembly indexes,Clip plate mapping
1,LMP-P,BS_1xx,BS_1xx,57,1,BSEVA_L1-S,5,"[1, 2, 3, 4, 5]",['A1']
2,BSEVA_L1-P,BS_x5ax,BS_x5ax,237,1,LMS-S,6,"[1, 6, 11, 16, 21, 26]",['C1']
3,LMS-P,B407_J23119-RBS34-mScarl,B407_J23119-RBS34-mScarl,148,1,LMP-S,12,"[1, 2, 6, 7, 11, 12, 16, 17, 21, 22, 26, 27]",['E1']
4,BSEVA_L1-P,BS_x6x,BS_x6x,100,1,LMS-S,6,"[2, 7, 12, 17, 22, 27]",['G1']
5,BSEVA_L1-P,BS_x7x,BS_x7x,134,1,LMS-S,6,"[3, 8, 13, 18, 23, 28]",['I1']
6,LMS-P,B408_J23119-RBS-A12-mSc,B408_J23119-RBS-A12-mSc,157,1,LMP-S,12,"[3, 5, 8, 10, 13, 15, 18, 20, 23, 25, 28, 30]",['K1']
7,BSEVA_L1-P,BS_x9x,BS_x9x,131,1,LMS-S,6,"[4, 9, 14, 19, 24, 29]",['M1']
8,LMS-P,B405_J23106-RBS34-mScarl,B405_J23106-RBS34-mScarl,148,1,LMP-S,6,"[4, 9, 14, 19, 24, 29]",['O1']
9,BSEVA_L1-P,BS_x7x_pKD46,BASIC_construct_BS_x7x_,137,1,LMS-S,6,"[5, 10, 15, 20, 25, 30]",['A2']
10,LMP-P,BS_2xx,BS_2xx,51,1,BSEVA_L1-S,5,"[6, 7, 8, 9, 10]",['C2']
11,LMP-P,BS_3xx,BS_3xx,45,1,BSEVA_L1-S,5,"[11, 12, 13, 14, 15]",['E2']
12,LMP-P,BS_4xx,BS_4xx,55,1,BSEVA_L1-S,5,"[16, 17, 18, 19, 20]",['G2']
13,LMP-P,BS_5axx,BS_5axx,67,1,BSEVA_L1-S,5,"[21, 22, 23, 24, 25]",['I2']
14,LMP-P,BS_6xx,BS_6xx,46,1,BSEVA_L1-S,5,"[26, 27, 28, 29, 30]",['K2']
