Clip Index,Prefix ID,Part ID,Part Name,Part suggested stock concentration (ng/µL),Part stock per 30 µL clip (µL),Suffix ID,Total assemblies,Assembly indexes,Clip plate mapping
1,LMP-P,BS_1xx,BS_1xx,57,1,BSEVA_L1-S,6,"[1, 2, 3, 4, 5, 6]",['A1']
2,BSEVA_L1-P,BS_x5x,BS_x5x,237,1,LMS-S,6,"[1, 7, 13, 19, 25, 31]",['C1']
3,LMS-P,B407_J23119-RBS34-mScarl,B407_J23119-RBS34-mScarl,37,1,LMP-S,18,"[1, 2, 6, 7, 8, 12, 13, 14, 18, 19, 20, 24, 25, 26, 30, 31, 32, 36]",['E1']
4,BSEVA_L1-P,BS_x6x,BS_x6x,99,1,LMS-S,6,"[2, 8, 14, 20, 26, 32]",['G1']
5,BSEVA_L1-P,BS_x7x,BS_x7x,133,1,LMS-S,6,"[3, 9, 15, 21, 27, 33]",['I1']
6,LMS-P,B408_J23119-RBS-A12-mSc,B408_J23119-RBS-A12-mSc,46,1,LMP-S,12,"[3, 4, 9, 10, 15, 16, 21, 22, 27, 28, 33, 34]",['K1']
7,BSEVA_L1-P,BS_x7x_TS,BASIC_construct_BS_x7x_TS,137,1,LMS-S,6,"[4, 10, 16, 22, 28, 34]",['M1']
8,BSEVA_L1-P,BS_x8x,BS_x8x,110,1,LMS-S,6,"[5, 11, 17, 23, 29, 35]",['O1']
9,LMS-P,B405_J23106-RBS34-mScarl,B405_J23106-RBS34-mScarl,37,1,LMP-S,6,"[5, 11, 17, 23, 29, 35]",['A2']
10,BSEVA_L1-P,BS_x9x,BS_x9x,131,1,LMS-S,6,"[6, 12, 18, 24, 30, 36]",['C2']
11,LMP-P,BS_2xx,BS_2xx,51,1,BSEVA_L1-S,6,"[7, 8, 9, 10, 11, 12]",['E2']
12,LMP-P,BS_3xx,BS_3xx,45,1,BSEVA_L1-S,6,"[13, 14, 15, 16, 17, 18]",['G2']
13,LMP-P,BS_4xx,BS_4xx,55,1,BSEVA_L1-S,6,"[19, 20, 21, 22, 23, 24]",['I2']
14,LMP-P,BS_5xx,BS_5xx,67,1,BSEVA_L1-S,6,"[25, 26, 27, 28, 29, 30]",['K2']
15,LMP-P,BS_6xx,BS_6xx,46,1,BSEVA_L1-S,6,"[31, 32, 33, 34, 35, 36]",['M2']
