Clip Index,Prefix ID,Part ID,Part Name,Part suggested stock concentration (ng/µL),Part stock per 30 µL clip (µL),Suffix ID,Total assemblies,Assembly indexes,Clip plate mapping
1,LMP-P,BS_1xx,BS_1xx,57,1,BSEVA_L1-S,4,"[1, 2, 3, 4]",['A1']
2,BSEVA_L1-P,BS_x7x_pKD46,BASIC_construct_BS_x7x_,137,1,LMS-S,6,"[1, 5, 9, 13, 17, 21]",['C1']
3,LMS-P,B408_J23119-RBS-A12-mSc,B408_J23119-RBS-A12-mSc,157,1,LMP-S,12,"[1, 3, 5, 7, 9, 11, 13, 15, 17, 19, 21, 23]",['E1']
4,BSEVA_L1-P,BS_x6x,BS_x6x,99,1,LMS-S,6,"[2, 6, 10, 14, 18, 22]",['G1']
5,LMS-P,B407_J23119-RBS34-mScarl,B407_J23119-RBS34-mScarl,148,1,LMP-S,12,"[2, 4, 6, 8, 10, 12, 14, 16, 18, 20, 22, 24]",['I1']
6,BSEVA_L1-P,BS_x7x,BS_x7x,134,1,LMS-S,6,"[3, 7, 11, 15, 19, 23]",['K1']
7,BSEVA_L1-P,BS_x9x,BS_x9x,131,1,LMS-S,6,"[4, 8, 12, 16, 20, 24]",['M1']
8,LMP-P,BS_2xx,BS_2xx,51,1,BSEVA_L1-S,4,"[5, 6, 7, 8]",['O1']
9,LMP-P,BS_3xx,BS_3xx,45,1,BSEVA_L1-S,4,"[9, 10, 11, 12]",['A2']
10,LMP-P,BS_4xx,BS_4xx,55,1,BSEVA_L1-S,4,"[13, 14, 15, 16]",['C2']
11,LMP-P,BS_5axx,BS_5axx,67,1,BSEVA_L1-S,4,"[17, 18, 19, 20]",['E2']
12,LMP-P,BS_6xx,BS_6xx,46,1,BSEVA_L1-S,4,"[21, 22, 23, 24]",['G2']
